CREATE TABLE Person (
    id SERIAL UNIQUE NOT NULL,
    name VARCHAR(255) NOT NULL
);

CREATE TABLE Artist (
    id SERIAL UNIQUE NOT NULL,
    name VARCHAR(255) NOT NULL
);

CREATE TABLE Song (
    id SERIAL UNIQUE NOT NULL,
    name VARCHAR(255) NOT NULL
);

CREATE TABLE Playlist (
    id SERIAL UNIQUE NOT NULL,
    name VARCHAR(255) NOT NULL,
    created_by INT REFERENCES Person(id)
);

CREATE TABLE Playlist_Song (
    playlist_id INT REFERENCES Playlist(id),
    song_id INT REFERENCES Song(id)
);

CREATE TABLE Playlist_Like (
    playlist_id INT REFERENCES Playlist(id),
    person_id INT REFERENCES Person(id)
);

CREATE TABLE Song_Like (
    song_id INT REFERENCES Song(id),
    person_id INT REFERENCES Person(id)
);

CREATE TABLE Friendship (
    person1_id INT REFERENCES Person(id),
    person2_id INT REFERENCES Person(id)
);

CREATE TABLE Perform (
    artist_id INT REFERENCES Artist(id),
    song_id INT REFERENCES Song(id)
);

CREATE TABLE Follow (
    person_id INT REFERENCES Person(id),
    artist_id INT REFERENCES Artist(id)
);

INSERT INTO Person (id, name) VALUES
(1, 'Alice'),
(2, 'Bob'),
(3, 'Charlie'),
(4, 'Diana'),
(5, 'Eve'),
(6, 'Frank'),
(7, 'Grace'),
(8, 'Hank'),
(9, 'Ivy'),
(10, 'Henry'),
(11, 'Monica'),
(12, 'Max'),
(13, 'Jerry'),
(14, 'Tom'),
(15, 'John'),
(16, 'Hope'),
(17, 'Lovegood'),
(18, 'Cindy'),
(19, 'Rachel'),
(20, 'Ben'),
(21, 'Peter'),
(22, 'Vine'),
(23, 'Ann'),
(24, 'Jessica'),
(25, 'Jack'),
(26, 'Taylor'),
(27, 'Justin'),
(28, 'Home'),
(29, 'Hock'),
(30, 'Michael'),
(31, 'Meene'),
(32, 'Mimy'),
(33, 'Jeecy'),
(34, 'Unnie'),
(35, 'Yen'),
(36, 'Zoe'),
(37, 'Cathy'),
(38, 'William'),
(39, 'Olivia'),
(40, 'James'),
(41, 'Sophia'),
(42, 'Oliver'),
(43, 'Henry'),
(44, 'Amelia'),
(45, 'Ava'),
(46, 'Liam'),
(47, 'Emily'),
(48, 'Benjamin'),
(49, 'Charlotte'),
(50, 'Lucas'),
(51, 'Madeline'),
(52, 'George'),
(53, 'Megan'),
(54, 'Daniel'),
(55, 'Emma'),
(56, 'Noah'),
(57, 'Olivia'),
(58, 'Liam'),
(59, 'Ava'),
(60, 'William'),
(61, 'Sophia'),
(62, 'Mason'),
(63, 'Isabella'),
(64, 'James'),
(65, 'Mia'),
(66, 'Benjamin'),
(67, 'Charlotte'),
(68, 'Elijah'),
(69, 'Amelia'),
(70, 'Lucas'),
(71, 'Harper'),
(72, 'Alexander'),
(73, 'Evelyn'),
(74, 'Michael'),
(75, 'Abigail'),
(76, 'Daniel'),
(77, 'Emily'),
(78, 'Matthew'),
(79, 'Elizabeth'),
(80, 'Jackson'),
(81, 'Sofia'),
(82, 'David'),
(83, 'Avery'),
(84, 'Joseph'),
(85, 'Ella'),
(86, 'Samuel'),
(87, 'Scarlett'),
(88, 'Henry'),
(89, 'Victoria'),
(90, 'Owen'),
(91, 'Madison'),
(92, 'Sebastian'),
(93, 'Luna'),
(94, 'Gabriel'),
(95, 'Chloe'),
(96, 'Carter'),
(97, 'Penelope'),
(98, 'Jayden'),
(99, 'Layla'),
(100, 'John'),
(101, 'Riley'),
(102, 'Luke'),
(103, 'Zoey'),
(104, 'Dylan'),
(105, 'Nora'),
(106, 'Grayson'),
(107, 'Hazel'),
(108, 'Levi'),
(109, 'Ellie'),
(110, 'Isaac'),
(111, 'Violet'),
(112, 'Julian'),
(113, 'Lily'),
(114, 'Christopher'),
(115, 'Aurora'),
(116, 'Joshua'),
(117, 'Savannah'),
(118, 'Andrew'),
(119, 'Stella'),
(120, 'Lincoln'),
(121, 'Claire'),
(122, 'Mateo'),
(123, 'Bella'),
(124, 'Ryan'),
(125, 'Skylar'),
(126, 'Jaxon'),
(127, 'Lucy'),
(128, 'Nathan'),
(129, 'Paisley'),
(130, 'Aaron'),
(131, 'Everly'),
(132, 'Isaiah'),
(133, 'Anna'),
(134, 'Thomas'),
(135, 'Caroline'),
(136, 'Charles'),
(137, 'Nova'),
(138, 'Caleb'),
(139, 'Genesis'),
(140, 'Josiah'),
(141, 'Emilia'),
(142, 'Christian'),
(143, 'Kennedy'),
(144, 'Hunter'),
(145, 'Samantha'),
(146, 'Eli'),
(147, 'Maya'),
(148, 'Jonathan'),
(149, 'Willow'),
(150, 'Connor'),
(151, 'Kinsley'),
(152, 'Dominic'),
(153, 'Naomi'),
(154, 'Austin'),
(155, 'Aaliyah'),
(156, 'Evan'),
(157, 'Elena'),
(158, 'Robert'),
(159, 'Sarah'),
(160, 'Jordan'),
(161, 'Ariana'),
(162, 'Jeremiah'),
(163, 'Allison'),
(164, 'Angel'),
(165, 'Gabriella'),
(166, 'Nicholas'),
(167, 'Alice'),
(168, 'Adrian'),
(169, 'Madelyn'),
(170, 'Cameron'),
(171, 'Cora'),
(172, 'Ezra'),
(173, 'Ruby'),
(174, 'Colton'),
(175, 'Eva'),
(176, 'Roman'),
(177, 'Serenity'),
(178, 'Asher'),
(179, 'Autumn'),
(180, 'Brayden'),
(181, 'Adeline'),
(182, 'Leo'),
(183, 'Hailey'),
(184, 'Kayden'),
(185, 'Gianna'),
(186, 'Wyatt'),
(187, 'Valentina'),
(188, 'Brandon'),
(189, 'Isla'),
(190, 'Sawyer'),
(191, 'Eliana'),
(192, 'Jose'),
(193, 'Quinn'),
(194, 'Bennett'),
(195, 'Nevaeh'),
(196, 'Parker'),
(197, 'Ivy'),
(198, 'Gavin'),
(199, 'Sadie'),
(200, 'Tyler'),
(201, 'Piper'),
(202, 'Adam'),
(203, 'Lydia'),
(204, 'Edward'),
(205, 'Alexa'),
(206, 'Miles'),
(207, 'Josephine'),
(208, 'Nolan'),
(209, 'Emery'),
(210, 'Ian'),
(211, 'Julia'),
(212, 'Greyson'),
(213, 'Delilah'),
(214, 'Cole'),
(215, 'Arianna'),
(216, 'Xavier'),
(217, 'Vivian'),
(218, 'Maxwell'),
(219, 'Kaylee'),
(220, 'Diego'),
(221, 'Sophie'),
(222, 'Bryson'),
(223, 'Brielle'),
(224, 'Jace'),
(225, 'Madeline'),
(226, 'Luis'),
(227, 'Peyton'),
(228, 'Grant'),
(229, 'Rylee'),
(230, 'Eric'),
(231, 'Clara'),
(232, 'Ivan'),
(233, 'Hadley'),
(234, 'Jonah'),
(235, 'Melanie'),
(236, 'Silas'),
(237, 'Mackenzie'),
(238, 'Calvin'),
(239, 'Reagan'),
(240, 'Elias'),
(241, 'Adalynn'),
(242, 'Kingston'),
(243, 'Liliana'),
(244, 'Chase'),
(245, 'Aubree'),
(246, 'Antonio'),
(247, 'Jade'),
(248, 'George'),
(249, 'Katherine'),
(250, 'Kai'),
(251, 'Isabelle'),
(252, 'Timothy'),
(253, 'Natalie'),
(254, 'Victor');

INSERT INTO Artist (id, name) VALUES
(1, 'Alice'),
(2, 'Bob'),
(3, 'Charlie'),
(4, 'Diana'),
(5, 'Eve'),
(6, 'Frank'),
(7, 'Grace'),
(8, 'Hank'),
(9, 'Ivy'),
(10, 'Henry'),
(11, 'Monica'),
(12, 'Max'),
(13, 'Jerry'),
(14, 'Tom'),
(15, 'John'),
(16, 'Hope'),
(17, 'Lovegood'),
(18, 'Cindy'),
(19, 'Rachel'),
(20, 'Ben'),
(21, 'Peter'),
(22, 'Vine'),
(23, 'Ann'),
(24, 'Jessica'),
(25, 'Jack'),
(26, 'Taylor'),
(27, 'Justin'),
(28, 'Home'),
(29, 'Hock'),
(30, 'Michael'),
(31, 'Meene'),
(32, 'Mimy'),
(33, 'Jeecy'),
(34, 'Unnie'),
(35, 'Yen'),
(36, 'Zoe'),
(37, 'Cathy'),
(38, 'William'),
(39, 'Olivia'),
(40, 'James'),
(41, 'Sophia'),
(42, 'Oliver'),
(43, 'Henry'),
(44, 'Amelia'),
(45, 'Ava'),
(46, 'Liam'),
(47, 'Emily'),
(48, 'Benjamin'),
(49, 'Charlotte'),
(50, 'Lucas'),
(51, 'Madeline'),
(52, 'George'),
(53, 'Megan'),
(54, 'Daniel'),
(55, 'Emma'),
(56, 'Noah'),
(57, 'Olivia'),
(58, 'Liam'),
(59, 'Ava'),
(60, 'William'),
(61, 'Sophia'),
(62, 'Mason'),
(63, 'Isabella'),
(64, 'James'),
(65, 'Mia'),
(66, 'Benjamin'),
(67, 'Charlotte'),
(68, 'Elijah'),
(69, 'Amelia'),
(70, 'Lucas'),
(71, 'Harper'),
(72, 'Alexander'),
(73, 'Evelyn'),
(74, 'Michael'),
(75, 'Abigail'),
(76, 'Daniel'),
(77, 'Emily'),
(78, 'Matthew'),
(79, 'Elizabeth'),
(80, 'Jackson'),
(81, 'Sofia'),
(82, 'David'),
(83, 'Avery'),
(84, 'Joseph'),
(85, 'Ella'),
(86, 'Samuel'),
(87, 'Scarlett'),
(88, 'Henry'),
(89, 'Victoria'),
(90, 'Owen'),
(91, 'Madison'),
(92, 'Sebastian'),
(93, 'Luna'),
(94, 'Gabriel'),
(95, 'Chloe'),
(96, 'Carter'),
(97, 'Penelope'),
(98, 'Jayden'),
(99, 'Layla');

INSERT INTO Song (id, name) VALUES
(1, 'Sunrise'),
(2, 'Waves'),
(3, 'Dreamscape'),
(4, 'Midnight City'),
(5, 'Echoes'),
(6, 'Gravity'),
(7, 'Falling Leaves'),
(8, 'Neon Lights'),
(9, 'Starlight'),
(10, 'Aurora'),
(11, 'Fireflies'),
(12, 'Crystal Rain'),
(13, 'Silent Night'),
(14, 'Golden Hour'),
(15, 'Afterglow'),
(16, 'Velvet Sky'),
(17, 'Twilight'),
(18, 'Blue Horizon'),
(19, 'Breeze'),
(20, 'Serenity'),
(21, 'Mystic River'),
(22, 'Autumn Mist'),
(23, 'Crimson Skies'),
(24, 'Shimmer'),
(25, 'Celestial Dreams'),
(26, 'Frozen Time'),
(27, 'Hidden Oasis'),
(28, 'Velvet Morning'),
(29, 'Distant Shores'),
(30, 'Whispering Wind'),
(31, 'Electric Horizon'),
(32, 'Nocturne'),
(33, 'Aurora Skies'),
(34, 'Radiant Dawn'),
(35, 'Lost in Thought'),
(36, 'Chasing Stars'),
(37, 'Infinite Echoes'),
(38, 'Solar Winds'),
(39, 'Golden Fields'),
(40, 'Crystalline Dreams'),
(41, 'Silent Waves'),
(42, 'Silver Shadows'),
(43, 'Endless Voyage'),
(44, 'Moonlight Sonata'),
(45, 'Ocean Eyes'),
(46, 'Cosmic Dance'),
(47, 'Electric Dreams'),
(48, 'Midnight Mirage'),
(49, 'Desert Rose'),
(50, 'Northern Lights'),
(51, 'Solar Flare'),
(52, 'Urban Legends'),
(53, 'Digital Sunrise'),
(54, 'Fading Memories'),
(55, 'Paper Planes'),
(56, 'Wandering Soul'),
(57, 'Diamond Dust'),
(58, 'Liquid Mercury'),
(59, 'Forgotten Melody'),
(60, 'Parallel Worlds'),
(61, 'Tropical Storm'),
(62, 'Neon Dreams'),
(63, 'Satellite Love'),
(64, 'Wildfire Heart'),
(65, 'Polaroid Memories'),
(66, 'Electric Butterfly'),
(67, 'Midnight Express'),
(68, 'Cerulean Skies'),
(69, 'Vanilla Twilight'),
(70, 'Quantum Leap'),
(71, 'Silhouette'),
(72, 'Emerald Eyes'),
(73, 'Frozen in Time'),
(74, 'Astral Projection'),
(75, 'Whiskey River'),
(76, 'Digital Love'),
(77, 'Paper Moon'),
(78, 'Cosmic Wonder'),
(79, 'Electric Sheep'),
(80, 'Midnight in Paris'),
(81, 'Ocean of Stars'),
(82, 'Neon Jungle'),
(83, 'Solaris'),
(84, 'Lunar Tides'),
(85, 'Desert Wind'),
(86, 'Electric Blue'),
(87, 'Stardust Memories'),
(88, 'Northern Wind'),
(89, 'Midnight Sun'),
(90, 'Cosmic Dust'),
(91, 'Electric Storm'),
(92, 'Neon Heartbeat'),
(93, 'Ocean Drive'),
(94, 'Solar Eclipse'),
(95, 'Lunar Phase'),
(96, 'Desert Bloom'),
(97, 'Electric Tide'),
(98, 'Starry Night'),
(99, 'Northern Soul'),
(100, 'Midnight Radio'),
(101, 'Cosmic Love'),
(102, 'Electric Youth'),
(103, 'Neon Cathedral'),
(104, 'Ocean Breeze'),
(105, 'Solar Plexus'),
(106, 'Lunar Sea'),
(107, 'Desert Mirage'),
(108, 'Electric Avenue'),
(109, 'Stardust Serenade'),
(110, 'Northern Exposure'),
(111, 'Midnight Blue'),
(112, 'Cosmic Energy'),
(113, 'Electric Feel'),
(114, 'Neon Wilderness'),
(115, 'Ocean View'),
(116, 'Solar Wind'),
(117, 'Lunar Light'),
(118, 'Desert Storm'),
(119, 'Electric Sky'),
(120, 'Starlight Express'),
(121, 'Northern Star'),
(122, 'Midnight Train'),
(123, 'Cosmic Journey'),
(124, 'Electric Ocean'),
(125, 'Neon Paradise'),
(126, 'Ocean Floor'),
(127, 'Solar Power'),
(128, 'Lunar Landing'),
(129, 'Desert Flower'),
(130, 'Electric Sun'),
(131, 'Starbright'),
(132, 'Northern Flame'),
(133, 'Midnight Sky'),
(134, 'Cosmic Pulse'),
(135, 'Electric Moon'),
(136, 'Neon Sunset'),
(137, 'Ocean Waves'),
(138, 'Solar Flare'),
(139, 'Lunar Eclipse'),
(140, 'Desert Sun'),
(141, 'Electric Dreams'),
(142, 'Starlight Waltz'),
(143, 'Northern Lights'),
(144, 'Midnight Oil'),
(145, 'Cosmic Storm'),
(146, 'Electric Night'),
(147, 'Neon God'),
(148, 'Ocean Eyes'),
(149, 'Solar System'),
(150, 'Lunar Cycle'),
(151, 'Desert Wind'),
(152, 'Electric Sheep'),
(153, 'Stardust'),
(154, 'Northern Wind'),
(155, 'Midnight Sun'),
(156, 'Cosmic Dust'),
(157, 'Electric Storm'),
(158, 'Neon Heart'),
(159, 'Ocean Drive'),
(160, 'Solar Power'),
(161, 'Lunar Tide'),
(162, 'Desert Rose'),
(163, 'Electric Blue'),
(164, 'Starry Eyes'),
(165, 'Northern Soul'),
(166, 'Midnight City'),
(167, 'Cosmic Love'),
(168, 'Electric Youth'),
(169, 'Neon Lights'),
(170, 'Ocean Breeze'),
(171, 'Solar Flare'),
(172, 'Lunar Sea'),
(173, 'Desert Mirage'),
(174, 'Electric Avenue'),
(175, 'Stardust'),
(176, 'Northern Exposure'),
(177, 'Midnight Blue'),
(178, 'Cosmic Energy'),
(179, 'Electric Feel'),
(180, 'Neon Wilderness'),
(181, 'Ocean View'),
(182, 'Solar Wind'),
(183, 'Lunar Light'),
(184, 'Desert Storm'),
(185, 'Electric Sky'),
(186, 'Starlight'),
(187, 'Northern Star'),
(188, 'Midnight Train'),
(189, 'Cosmic Journey'),
(190, 'Electric Ocean'),
(191, 'Neon Paradise'),
(192, 'Ocean Floor'),
(193, 'Solar Power'),
(194, 'Lunar Landing'),
(195, 'Desert Flower'),
(196, 'Electric Sun'),
(197, 'Starbright'),
(198, 'Northern Flame'),
(199, 'Midnight Sky'),
(200, 'Cosmic Pulse'),
(201, 'Electric Moon'),
(202, 'Neon Sunset'),
(203, 'Ocean Waves'),
(204, 'Solar Flare'),
(205, 'Lunar Eclipse'),
(206, 'Desert Sun'),
(207, 'Electric Dreams'),
(208, 'Starlight Waltz'),
(209, 'Northern Lights'),
(210, 'Midnight Oil'),
(211, 'Cosmic Storm'),
(212, 'Electric Night'),
(213, 'Neon God'),
(214, 'Ocean Eyes'),
(215, 'Solar System'),
(216, 'Lunar Cycle'),
(217, 'Desert Wind'),
(218, 'Electric Sheep'),
(219, 'Stardust'),
(220, 'Northern Wind'),
(221, 'Midnight Sun'),
(222, 'Cosmic Dust'),
(223, 'Electric Storm'),
(224, 'Neon Heart'),
(225, 'Ocean Drive'),
(226, 'Solar Power'),
(227, 'Lunar Tide'),
(228, 'Desert Rose'),
(229, 'Electric Blue'),
(230, 'Starry Eyes'),
(231, 'Northern Soul'),
(232, 'Midnight City'),
(233, 'Cosmic Love'),
(234, 'Electric Youth'),
(235, 'Neon Lights'),
(236, 'Ocean Breeze'),
(237, 'Solar Flare'),
(238, 'Lunar Sea'),
(239, 'Desert Mirage'),
(240, 'Electric Avenue'),
(241, 'Stardust'),
(242, 'Northern Exposure'),
(243, 'Midnight Blue'),
(244, 'Cosmic Energy'),
(245, 'Electric Feel'),
(246, 'Neon Wilderness'),
(247, 'Ocean View'),
(248, 'Solar Wind'),
(249, 'Lunar Light'),
(250, 'Desert Storm'),
(251, 'Electric Sky'),
(252, 'Starlight'),
(253, 'Northern Star'),
(254, 'Midnight Train'),
(255, 'Cosmic Journey'),
(256, 'Electric Ocean'),
(257, 'Neon Paradise'),
(258, 'Ocean Floor'),
(259, 'Solar Power'),
(260, 'Lunar Landing'),
(261, 'Desert Flower'),
(262, 'Electric Sun'),
(263, 'Starbright'),
(264, 'Northern Flame'),
(265, 'Midnight Sky'),
(266, 'Cosmic Pulse'),
(267, 'Electric Moon'),
(268, 'Neon Sunset'),
(269, 'Ocean Waves'),
(270, 'Solar Flare'),
(271, 'Lunar Eclipse'),
(272, 'Desert Sun'),
(273, 'Electric Dreams'),
(274, 'Starlight Waltz'),
(275, 'Northern Lights'),
(276, 'Midnight Oil'),
(277, 'Cosmic Storm'),
(278, 'Electric Night'),
(279, 'Neon God'),
(280, 'Ocean Eyes'),
(281, 'Solar System'),
(282, 'Lunar Cycle'),
(283, 'Desert Wind'),
(284, 'Electric Sheep'),
(285, 'Stardust'),
(286, 'Northern Wind'),
(287, 'Midnight Sun'),
(288, 'Cosmic Dust'),
(289, 'Electric Storm'),
(290, 'Neon Heart'),
(291, 'Ocean Drive'),
(292, 'Solar Power'),
(293, 'Lunar Tide'),
(294, 'Desert Rose'),
(295, 'Electric Blue'),
(296, 'Starry Eyes'),
(297, 'Northern Soul'),
(298, 'Midnight City'),
(299, 'Cosmic Love'),
(300, 'Electric Youth'),
(301, 'Neon Lights'),
(302, 'Ocean Breeze'),
(303, 'Solar Flare'),
(304, 'Lunar Sea'),
(305, 'Desert Mirage'),
(306, 'Electric Avenue'),
(307, 'Stardust'),
(308, 'Northern Exposure'),
(309, 'Midnight Blue'),
(310, 'Cosmic Energy'),
(311, 'Electric Feel'),
(312, 'Neon Wilderness'),
(313, 'Ocean View'),
(314, 'Solar Wind'),
(315, 'Lunar Light'),
(316, 'Desert Storm'),
(317, 'Electric Sky'),
(318, 'Starlight'),
(319, 'Northern Star'),
(320, 'Midnight Train'),
(321, 'Cosmic Journey'),
(322, 'Electric Ocean'),
(323, 'Neon Paradise'),
(324, 'Ocean Floor'),
(325, 'Solar Power'),
(326, 'Lunar Landing'),
(327, 'Desert Flower'),
(328, 'Electric Sun'),
(329, 'Starbright'),
(330, 'Northern Flame'),
(331, 'Midnight Sky'),
(332, 'Cosmic Pulse'),
(333, 'Electric Moon'),
(334, 'Neon Sunset'),
(335, 'Ocean Waves'),
(336, 'Solar Flare'),
(337, 'Lunar Eclipse'),
(338, 'Desert Sun'),
(339, 'Electric Dreams'),
(340, 'Starlight Waltz'),
(341, 'Northern Lights'),
(342, 'Midnight Oil'),
(343, 'Cosmic Storm'),
(344, 'Electric Night'),
(345, 'Neon God'),
(346, 'Ocean Eyes'),
(347, 'Solar System'),
(348, 'Lunar Cycle'),
(349, 'Desert Wind'),
(350, 'Electric Sheep'),
(351, 'Stardust'),
(352, 'Northern Wind'),
(353, 'Midnight Sun'),
(354, 'Cosmic Dust'),
(355, 'Electric Storm'),
(356, 'Neon Heart'),
(357, 'Ocean Drive'),
(358, 'Solar Power'),
(359, 'Lunar Tide'),
(360, 'Desert Rose'),
(361, 'Electric Blue'),
(362, 'Starry Eyes'),
(363, 'Northern Soul'),
(364, 'Midnight City'),
(365, 'Cosmic Love'),
(366, 'Electric Youth'),
(367, 'Neon Lights'),
(368, 'Ocean Breeze'),
(369, 'Solar Flare'),
(370, 'Lunar Sea'),
(371, 'Desert Mirage'),
(372, 'Electric Avenue'),
(373, 'Stardust'),
(374, 'Northern Exposure'),
(375, 'Midnight Blue'),
(376, 'Cosmic Energy'),
(377, 'Electric Feel'),
(378, 'Neon Wilderness'),
(379, 'Ocean View'),
(380, 'Solar Wind'),
(381, 'Lunar Light'),
(382, 'Desert Storm'),
(383, 'Electric Sky'),
(384, 'Starlight'),
(385, 'Northern Star'),
(386, 'Midnight Train'),
(387, 'Cosmic Journey'),
(388, 'Electric Ocean'),
(389, 'Neon Paradise'),
(390, 'Ocean Floor'),
(391, 'Solar Power'),
(392, 'Lunar Landing'),
(393, 'Desert Flower'),
(394, 'Electric Sun'),
(395, 'Starbright'),
(396, 'Northern Flame'),
(397, 'Midnight Sky'),
(398, 'Cosmic Pulse'),
(399, 'Electric Moon'),
(400, 'Neon Sunset'),
(401, 'Ocean Waves'),
(402, 'Solar Flare'),
(403, 'Lunar Eclipse'),
(404, 'Desert Sun'),
(405, 'Electric Dreams'),
(406, 'Starlight Waltz'),
(407, 'Northern Lights'),
(408, 'Midnight Oil'),
(409, 'Cosmic Storm'),
(410, 'Electric Night'),
(411, 'Neon God'),
(412, 'Ocean Eyes'),
(413, 'Solar System'),
(414, 'Lunar Cycle'),
(415, 'Desert Wind'),
(416, 'Electric Sheep'),
(417, 'Stardust'),
(418, 'Northern Wind'),
(419, 'Midnight Sun'),
(420, 'Cosmic Dust'),
(421, 'Electric Storm'),
(422, 'Neon Heart'),
(423, 'Ocean Drive'),
(424, 'Solar Power'),
(425, 'Lunar Tide'),
(426, 'Desert Rose'),
(427, 'Electric Blue'),
(428, 'Starry Eyes'),
(429, 'Northern Soul'),
(430, 'Midnight City'),
(431, 'Cosmic Love'),
(432, 'Electric Youth'),
(433, 'Neon Lights'),
(434, 'Ocean Breeze'),
(435, 'Solar Flare');

INSERT INTO Playlist (id, name, created_by) VALUES
(1, 'Morning Vibes', 95),
(2, 'Chill Beats', 8),
(3, 'Workout Pump', 1),
(4, 'Evening Relax', 12),
(5, 'Study Focus', 3),
(6, 'Road Trip', 34),
(7, 'Dance Party', 32),
(8, 'Summer Vibes', 21),
(9, 'Acoustic Chill', 32),
(10, 'Indie Mix', 3),
(11, 'Rainy Day', 54),
(12, 'High Energy', 18),
(13, 'Sunday Morning', 21),
(14, 'Late Night Drive', 22),
(15, 'Feel Good Hits', 33),
(16, 'Relax and Unwind', 19),
(17, 'Festival Anthems', 28),
(18, 'Mellow Moods', 11),
(19, 'Throwback Classics', 1),
(20, 'Workout Hardcore', 13),
(21, 'Cozy Winter', 51),
(22, 'Sunset Chill', 38),
(23, 'Morning Boost', 15),
(24, 'Jazz Essentials', 7),
(25, 'Epic Gaming', 41),
(26, 'Soothing Piano', 12),
(27, 'Tropical Escape', 29),
(28, 'Vintage Vibes', 10),
(29, 'Funky Grooves', 6),
(30, 'Midnight Jazz', 24),
(31, 'Soulful Sundays', 20),
(32, 'Bass Boosted', 2),
(33, 'Electronic Bliss', 15),
(34, 'Quiet Nights', 46),
(35, 'Dream Pop', 14),
(36, 'Classic Roadtrip', 22),
(37, 'Urban Chill', 35),
(38, 'Morning Meditation', 9),
(39, 'Afternoon Tea', 37),
(40, 'Retrowave Classics', 30),
(41, 'Lo-Fi Hip Hop', 4),
(42, 'Saxophone Magic', 17),
(43, 'Country Roads', 19),
(44, 'Disco Fever', 8),
(45, 'Metal Madness', 23),
(46, 'Golden Oldies', 5),
(47, 'New Hits', 26),
(48, 'Happy Times', 36),
(49, 'Space Dreams', 31),
(50, 'EDM Bangers', 13),
(51, 'Mystic Moods', 42),
(52, 'Morning Jazz', 17),
(53, 'Latin Fiesta', 11),
(54, 'Deep Focus', 1),
(55, 'Festival Energy', 47),
(56, 'Happy Chill', 39),
(57, 'Romantic Nights', 7),
(58, 'Coffeehouse Vibes', 28),
(59, 'Pop Anthems', 16),
(60, 'Evening Lounge', 48),
(61, 'Tranquil Shores', 18),
(62, 'Smooth R&B', 27),
(63, 'Guitar Sessions', 49),
(64, 'Morning Motivation', 3),
(65, 'Classic Piano', 50),
(66, 'Chillhop Essentials', 6),
(67, 'Throwback Vibes', 12),
(68, 'Rock Legends', 2),
(69, 'Sunday Soul', 15),
(70, 'Ocean Waves', 44),
(71, 'Good Mood', 37),
(72, 'Smooth Jazz', 29),
(73, 'Late Night Acoustic', 24),
(74, 'Fresh Beats', 9),
(75, 'Cool Breeze', 41),
(76, 'Street Beats', 8),
(77, 'Peaceful Piano', 22),
(78, 'Summer Hits', 20),
(79, 'Evening Energy', 16),
(80, 'Night Drive', 34),
(81, 'Serenity Sounds', 19),
(82, 'Adventure Playlist', 30),
(83, 'Afternoon Lounge', 43),
(84, 'Energy Boost', 6),
(85, 'Tropical Paradise', 10),
(86, 'Old School Rock', 31),
(87, 'Soft Pop', 32),
(88, 'City Lights', 13),
(89, 'Sunshine Beats', 27),
(90, 'Acoustic Morning', 14),
(91, 'Mood Boosters', 42),
(92, 'Epic Workout', 4),
(93, 'Chill Night', 48),
(94, 'Smooth Vibes', 23),
(95, 'Indie Favorites', 11),
(96, 'Power Hour', 35),
(97, 'Neon Dreams', 7),
(98, 'Rainy Mornings', 38),
(99, 'Weekend Energy', 15),
(100, 'Melancholy Tunes', 2),
(101, 'Cloudy Day', 40),
(102, 'Pump Up Mix', 28),
(103, 'Soft Indie', 26),
(104, 'Golden Moments', 51),
(105, 'Forest Walk', 3),
(106, 'Soundscape', 50),
(107, 'Sunrise Session', 5),
(108, 'High Noon', 25),
(109, 'Runaway Playlist', 36),
(110, 'Chillstep Journey', 16),
(111, 'Blues and Brews', 45),
(112, 'Moonlight Sonata', 52),
(113, 'Ambient Calm', 49),
(114, 'Summer Breeze', 1),
(115, 'New Age Mix', 46),
(116, 'K-Pop Hits', 17),
(117, 'Zen Moments', 20),
(118, 'Fast Lane', 47),
(119, 'Hidden Gems', 41),
(120, 'Soulful Evenings', 31),
(121, 'Urban Vibes', 27),
(122, 'Latin Love', 29),
(123, 'Dreamy Pop', 33),
(124, 'Fresh Morning', 14),
(125, 'City Grooves', 39),
(126, 'Golden Tracks', 37),
(127, 'Late Night Study', 24),
(128, 'Lush Landscapes', 11),
(129, 'The 90s Jam', 18),
(130, '80s Revival', 23),
(131, 'Garage Rock', 30),
(132, 'Electric Dreams', 9),
(133, 'Morning Commute', 13),
(134, 'Neon Skyline', 44),
(135, 'Early Sunrise', 219),
(136, 'Top 50 Mix', 26),
(137, 'Rhythm Lounge', 7),
(138, 'Night in Paris', 50),
(139, 'Quiet Afternoons', 32),
(140, 'Top Hits 2025', 12),
(141, 'Afternoon Chill', 48),
(142, 'Weekend Waves', 6),
(143, 'Wanderlust', 34),
(144, 'Sway Vibes', 45),
(145, 'Uplifting Mornings', 17),
(146, 'Bedroom Pop', 52),
(147, 'Mellow Monday', 15),
(148, 'Island Life', 22),
(149, 'Retro Dance', 10),
(150, 'Twilight Groove', 43),
(151, 'Seaside Chill', 8),
(152, 'Rolling Hills', 16),
(153, 'Acoustic Bliss', 1),
(154, 'Chillwave Dreams', 46),
(155, 'Happy Lounge', 31),
(156, 'Tuned In', 5),
(157, 'Golden Dreams', 13),
(158, 'Deep Chill', 25),
(159, 'Quiet Evenings', 41),
(160, 'Nature Sounds', 29),
(161, 'Inspiring Beats', 3),
(162, 'Ambient Dreams', 36),
(163, 'Misty Mountains', 40),
(164, 'Classic Chill', 30),
(165, 'Breezy Beats', 42),
(166, 'Starry Skies', 35),
(167, 'Zen Garden', 37),
(168, 'Warm Lights', 27),
(169, 'Peaceful Evening', 2),
(170, 'Heartfelt Hits', 39),
(171, 'Blooming Vibes', 7),
(172, 'Vibrant Sounds', 22),
(173, 'Soft Mornings', 12),
(174, 'After Dark', 31),
(175, 'Calm Horizons', 21),
(176, 'Vibes Only', 4),
(177, 'Coastal Calm', 34),
(178, 'Bright Days', 48),
(179, 'Groovy Moods', 219),
(180, 'Hiking Beats', 223),
(181, 'Desert Drive', 111),
(182, 'Ocean Dreams', 26),
(183, 'River Flows', 50),
(184, 'Pure Chill', 14),
(185, 'Northern Lights', 47),
(186, 'Sun Drenched', 9),
(187, 'Chill Cafe', 43),
(188, 'Fields of Gold', 116),
(189, 'Sound Trip', 28),
(190, 'City Pulse', 117),
(191, 'Watercolor Moods', 20),
(192, 'After Rain', 51),
(193, 'Evergreen', 1),
(194, 'Velvet Nights', 15),
(195, 'Aurora Skies', 32),
(196, 'Weekend Warriors', 36),
(197, 'Island Chill', 11),
(198, 'Breezy Sundays', 24),
(199, 'Whisper Winds', 45),
(200, 'Lazy Afternoons', 18),
(201, 'Midday Moods', 149),
(202, 'Energize', 21),
(203, 'Country Mornings', 5),
(204, 'Meadow Dreams', 152),
(205, 'Sunbeams', 33),
(206, 'Springtime', 42),
(207, 'Backyard Vibes', 44),
(208, 'Smooth Sunset', 8),
(209, 'Warmth', 35),
(210, 'Dreamcatcher', 50),
(211, 'Sunday Drive', 13),
(212, 'Easy Days', 9),
(213, 'Candlelight', 2),
(214, 'Whimsical', 27),
(215, 'Twilight Tunes', 47),
(216, 'Ocean Drive', 40),
(217, 'Neon Party', 16),
(218, 'Pop Parade', 38),
(219, 'Zen Sunrise', 25),
(220, 'Foggy Forest', 46),
(221, 'Subtle Chill', 12),
(222, 'Goodnight Beats', 39),
(223, 'Mystery Vibes', 19);

